{
  "structure": "100,100",
  "seed": 456,
  "target_r2": 0.86,
  "max_epochs": 1000,
  "learning_rate": 0.001,
  "test_size": 0.1,
  "stopped_early": false,
  "final_epoch": 1000,
  "total_energy_j": 2766.649706013095,
  "best_val_r2": 0.7907532337811061,
  "best_epoch": 135,
  "final_val_r2": 0.7519865575871949,
  "final_info_gain": 0.6971361655043297,
  "test_r2": 0.768037712355379,
  "test_mse": 3199058329.025409,
  "baseline_mse": 12545338964.981583,
  "background_power_watts": 2.1313239,
  "idle_duration": 10.0
}