{
  "structure": "100",
  "seed": 149,
  "target_r2": 0.86,
  "max_epochs": 1000,
  "learning_rate": 0.001,
  "test_size": 0.1,
  "stopped_early": false,
  "final_epoch": 1000,
  "total_energy_j": 1290.2153970423296,
  "best_val_r2": 0.7922038322863405,
  "best_epoch": 433,
  "final_val_r2": 0.7867037243887949,
  "final_info_gain": 0.7725365572289999,
  "test_r2": 0.7775597017134296,
  "test_mse": 2880947565.001582,
  "baseline_mse": 13114469216.313772,
  "background_power_watts": 2.1258247,
  "idle_duration": 10.0
}