{
  "structure": "50,50",
  "seed": 356,
  "target_r2": 0.86,
  "max_epochs": 1000,
  "learning_rate": 0.001,
  "test_size": 0.1,
  "stopped_early": false,
  "final_epoch": 1000,
  "total_energy_j": 1994.6781042616908,
  "best_val_r2": 0.7990380116164988,
  "best_epoch": 165,
  "final_val_r2": 0.7911237578513972,
  "final_info_gain": 0.783006672616391,
  "test_r2": 0.8026855630031003,
  "test_mse": 2517884342.5216737,
  "baseline_mse": 13367780827.343138,
  "background_power_watts": 2.1051399,
  "idle_duration": 10.0
}