{
  "structure": "200,200",
  "seed": 549,
  "target_r2": 0.86,
  "max_epochs": 1000,
  "learning_rate": 0.001,
  "test_size": 0.1,
  "stopped_early": false,
  "final_epoch": 1000,
  "total_energy_j": 39328.43298875464,
  "best_val_r2": 0.8204713763579702,
  "best_epoch": 129,
  "final_val_r2": 0.7271595418839835,
  "final_info_gain": 0.6494340285661572,
  "test_r2": 0.7021507015834694,
  "test_mse": 3904838363.690808,
  "baseline_mse": 13938401404.415134,
  "background_power_watts": 2.128974,
  "idle_duration": 10.0
}