{
  "structure": "100,100",
  "seed": 470,
  "target_r2": 0.86,
  "max_epochs": 1000,
  "learning_rate": 0.001,
  "test_size": 0.1,
  "stopped_early": false,
  "final_epoch": 1000,
  "total_energy_j": 2179.8225155894006,
  "best_val_r2": 0.7942144784325054,
  "best_epoch": 191,
  "final_val_r2": 0.7464236122754215,
  "final_info_gain": 0.6860450845477422,
  "test_r2": 0.7610983376293635,
  "test_mse": 3072299546.875826,
  "baseline_mse": 12662117495.089462,
  "background_power_watts": 2.1534064,
  "idle_duration": 10.0
}