energy_joules,info_gain_nats
0.0,0.0
0.04219289033460616,-0.4477175624505968
