{
  "structure": "100,100",
  "seed": 463,
  "target_r2": 0.86,
  "max_epochs": 1000,
  "learning_rate": 0.001,
  "test_size": 0.1,
  "stopped_early": false,
  "final_epoch": 1000,
  "total_energy_j": 1786.6397269121105,
  "best_val_r2": 0.8055376847867091,
  "best_epoch": 68,
  "final_val_r2": 0.7480943555033652,
  "final_info_gain": 0.6893503440932559,
  "test_r2": 0.7531259101384933,
  "test_mse": 3176884128.6414294,
  "baseline_mse": 12975603477.16282,
  "background_power_watts": 2.2109075000000002,
  "idle_duration": 10.0
}