{
  "structure": "50",
  "seed": 70,
  "target_r2": 0.86,
  "max_epochs": 1000,
  "learning_rate": 0.001,
  "test_size": 0.1,
  "stopped_early": false,
  "final_epoch": 1000,
  "total_energy_j": 667.1796821309721,
  "best_val_r2": 0.7907635287651862,
  "best_epoch": 942,
  "final_val_r2": 0.7904074512628091,
  "final_info_gain": 0.7812949385425728,
  "test_r2": 0.7870728179030566,
  "test_mse": 2875901876.0921507,
  "baseline_mse": 13302491929.210999,
  "background_power_watts": 2.0719003000000003,
  "idle_duration": 10.0
}