{
  "structure": "200",
  "seed": 277,
  "target_r2": 0.86,
  "max_epochs": 1000,
  "learning_rate": 0.001,
  "test_size": 0.1,
  "stopped_early": false,
  "final_epoch": 1000,
  "total_energy_j": 1290.7119090725514,
  "best_val_r2": 0.7846396439041504,
  "best_epoch": 222,
  "final_val_r2": 0.7750510910573855,
  "final_info_gain": 0.7459409869642404,
  "test_r2": 0.7727581905792802,
  "test_mse": 2968961185.6375675,
  "baseline_mse": 13094213616.292746,
  "background_power_watts": 2.1018439,
  "idle_duration": 10.0
}