energy_joules,info_gain_nats
0.004225019510388374,0.0
0.011611986103630064,0.4910898940911531
