{
  "structure": "100",
  "seed": 170,
  "target_r2": 0.86,
  "max_epochs": 1000,
  "learning_rate": 0.001,
  "test_size": 0.1,
  "stopped_early": false,
  "final_epoch": 1000,
  "total_energy_j": 1277.6440279309372,
  "best_val_r2": 0.8028624949475658,
  "best_epoch": 1000,
  "final_val_r2": 0.8028624949475658,
  "final_info_gain": 0.8119268992697376,
  "test_r2": 0.761221804338556,
  "test_mse": 3267243015.7200813,
  "baseline_mse": 12983260429.99804,
  "background_power_watts": 2.0774543999999997,
  "idle_duration": 10.0
}