{
  "structure": "50",
  "seed": 56,
  "target_r2": 0.86,
  "max_epochs": 1000,
  "learning_rate": 0.001,
  "test_size": 0.1,
  "stopped_early": false,
  "final_epoch": 1000,
  "total_energy_j": 663.1578406446654,
  "best_val_r2": 0.7785108276020247,
  "best_epoch": 997,
  "final_val_r2": 0.7782166323252008,
  "final_info_gain": 0.7530270974090485,
  "test_r2": 0.756194612123643,
  "test_mse": 3293995714.946134,
  "baseline_mse": 13445103586.191015,
  "background_power_watts": 2.0640206,
  "idle_duration": 10.0
}